Overview,,,,,,,,,,,,,,,,,,
English,Chinese,Czech,Dutch,Finnish,French,German,Greek,Hungarian,Italian,Japanese,Korean,Norwegian,Polish,Portuguese,Romanian,Russian,Spanish,Swedish
Subtitle,,Svět napinavých dobrodružstvi,In naam van de Koning! / Wie bouwt het mooiste koninkrijk?,Valtakunta,Votre royaume commence ici!,Was für eine Welt!,Ο κυρίαρχος,A világ legnépszerübb stratégiai kártyajátéka,Nasce un Regno,,,,Rozdarte Królestwo,,Cel mai popular joc de cărți de strategie din lume,,,Spelet om kungadömet
Subtitle translated,,World of adventures,In the name of the king / Who builds the biggest kingdom,Kingdom,Your kingdom begins here!,What a world!,The sovereign,The worlds most popular strategic card game,Create a kingdom,,,,Torned kingdom,,The most popular strategic card game on earth,,,Game towards kingdom
Basic cards,是,ano,ja,kyllä,oui,ja,ναι,igen,si,はい,[yes],ja,tak,sim,da,да,sí,ja
Dominion,皇舆争霸,Dominion,Dominion,Dominion,Dominion,Dominion,Dominion,Dominion,Dominion,ドミニオン,도미니언,Dominion,Dominion,Dominion,Dominion,Доминион,Dominion,Dominion
Intrigue,暗潮洶湧,Intriky,Intrige,Hovin juonet,L'Intrigue,Die Intrige,,Intrika,Intrigo,陰謀,장막 뒤의 사람들,Intrigue,Intryga,,,Интрига,Intriga,
Seaside,海國圖志,Pobřeží,Hijs de Zeilen,Kaukaiset rannat,Rivages,Seaside,,,Seaside,海辺,정복자의 바다,,Przystań,,,Побережье,Terramar,
Alchemy,煉金術士,Alchymie,De Alchemisten,Alkemia,Alchimie,Die Alchemisten,,,Alchimia,錬金術,,,,,,Алхимия,Alquimia,
Prosperity,,Prosperita,Welvaart,Nousukausi,Prospérité,Blütezeit,,,Prosperità,繁栄,,,Złoty Wiek,,,Процветание,Prosperidad,
Cornucopia,,Roh hojnosti,Overvloed,Elonkorjuu,Abondance,Reiche Ernte,,,Cornucopia,収穫祭,,,Róg Obfitości,,,Изобилие,Cornucopia,
Hinterlands,,Vzdálené kraje,Het Achterland,Rajaseudut,L'Arrière-Pays,Hinterland,,,Nuovi orizzonti,異郷,,,,,,Окраины,Comarcas,
Dark Ages,,Temné časy,De Donkere Middeleeuwen,Katovuodet,L'âge des ténèbres,Dark Ages,,,,暗黒時代,암흑의 시대,,,,,Тёмные Времена,Edad Oscura,
Guilds,,,De Gilden,Killat,Guildes,Die Gilden,,,,ギルド,길드를 위하여,,,,,Гильдии,,
Adventures,,,Avonturen,Seikkailut,Aventures,Abenteuer,,,,冒険,,,,,,Приключения,,
Empires,,,Keizerrijken,Keisarikunta,,Empires,,,,帝国,,,Imperium,,,Империи,,
Nocturne,,,Nocturne,,,Nocturne,,,,夜想曲,,,,,,Ноктюрн,,
Renaissance,,,Renaissance,,,Renaissance,,,,,,,,,,,,
Menagerie,,,Menagerie,,,Menagerie,,,,,,,,,,,,
Promo,是 (2),ano (4),ja (6),kyllä (9),oui (10),ja (12),,,,はい (10),,ja (3),tak (8),,,да (10),sí (6),
[edit]  Basic cards,,,,,,,,,,,,,,,,,,
English,Chinese,Czech,Dutch,Finnish,French,German,Greek,Hungarian,Italian,Japanese,Korean,Norwegian,Polish,Portuguese,Romanian,Russian,Spanish,Swedish
Copper,銅錢,Měďák,Koper,Kupariraha,Cuivre,Kupfer,Χάλκινο,Réz,Rame,銅貨,동,Kobber,Miedziaki,Cobre,Aramă,Медь,Cobre,Koppar
Silver,銀幣,Stříbrňák,Zilver,Hopearaha,Argent,Silber,Ασημένιο,Ezüst,Argento,銀貨,은,Sølv,Srebrniki,Prata,Argint,Серебро,Plata,Silver
Gold,金幣,Zlaťák,Goud,Kultaraha,Or,Gold,Χρυσό,Arany,Oro,金貨,금,Gull,Złoto,,Aur,Золото,Oro,Guld
Estate,莊園,Statek,Landgoed,Tila,Domaine,Anwesen,Κτήμα,Birtok,Tenuta,屋敷,사유지,Herregård,Posiadłość,Propriedade,Moşie,Поместье,Finca,Gods
Duchy,公國,Vévodství,Hertogdom,Pitäjä,Duché,Herzogtum,Δουκάτο,Hercegség,Ducato,公領,공작령,Grevskap,Powiat,Ducado,Ducat,Герцогство,Ducado,Hertigdöme
Province,行省,Provincie,Provincie,Lääni,Province,Provinz,Επαρχία,Tartomány,Provincia,属州,속주,Provins,Prowincja,Provincia,Provincie,Провинция,Provincia,Provins
Curse,詛咒,Kletba,Vloek,Kirous,Malédiction,Fluch,Κατάρα,Átok,Maledizione,呪い,저주,Forbannelse,Klątwa,,Blestem,Проклятие,Maldición,Förbannelse
Trash,,Smetiště,Vernietigde Kaarten,Tuhotut kortit,Rebut,Müll,,,,,,,Śmietnisko,,,Свалка,,Skrot
[edit]  Dominion (Base Set),,,,,,,,,,,,,,,,,,
,,,,,,,,,,,,,,,,,,
Cards in italics have been removed.,,,,,,,,,,,,,,,,,,
,,,,,,,,,,,,,,,,,,
English,Chinese,Czech,Dutch,Finnish,French,German,Greek,Hungarian,Italian,Japanese,Korean,Norwegian,Polish,Portoguese,Romanian,Russian,Spanish,Swedish
Cellar,地窖,Sklepení,Kelder,Kellari,Cave,Keller,,Pince,Sotterraneo,地下貯蔵庫,저장고,Kjeller,Piwnica,,Pivniţă,Погреб,Sótano,Källare
Chapel,禮拜堂,Kaple,Kapel,Kappeli,Chapelle,Kapelle,Παρεκκλήσι,Kápolna,Cappella,礼拝堂,예배당,Kapell,Kaplica,,Capela,Часовня,Capilla,
Moat,護城河,Hradní příkop,Slotgracht,Vallihauta,Douves,Burggraben,Τάφρος,Várárok,Fossato,堀,해자,Vollgrav,Fosa,,Șanț,Ров,Foso,Vallgrav
Chancellor,大臣,Kancléř,Raadsheer,Kansleri,Chancelier,Kanzler,Καγκελάριος,Kancellár,Cancelliere,宰相,법관,Rikskansler,Kanclerz,,Cancelar,Канцлер,Canciller,
Harbinger,,,Voorbode,,,Vorbotin,,,,先駆者,,,Zwiastun,,,Предвестник,,
Merchant,,,Koopman,,,Händlerin,,,,商人,,,Kupiec,,,Купец,,
Vassal,,,Vazal,,,Vasall,,,,家臣,,,Wasal,,,Подданный,,
Village,村莊,Vesnice,Dorp,Kylä,Village,Dorf,,Falu,Villaggio,村,마을,Landsby,Wioska,,Sat,Деревня,Aldea,By
Woodcutter,伐木工,Dřevorubec,Houthakker,Metsuri,Bûcheron,Holzfäller,Ξυλοκόπος,Favágó,Taglialegna,木こり,나무꾼,Tømmerhogger,Drwal,,Tăietorul de Lemne,Лесоруб,Leñadores,Skogshuggare
Workshop,工作室,Dílna,Werkplaats,Työpaja,Atelier,Werkstatt,,Műhely,Officina,工房,작업장,Verksted,Warsztat,,Atelier,Мастерская,Taller,Verkstad
Bureaucrat,官員,Úředník,Bureaucraat,Byrokraatti,Bureaucrate,Bürokrat,,Hivatalnok,Burocrate,役人,관료,Byråkrat,Urzędnik,,Birocrat,Чиновник,Burócrata,
Feast,晚宴,Hostina,Feest,Pidot,Festin,Festmahl,Γιορτή,Lakoma,Banchetto,祝宴,연회,Gilde,Uczta,Festim,Ospăţ,Пир,Banquete,
Gardens,花園,Zahrady,Tuinen,Puutarha,Jardins,Gärten,Κήποι,Park,Giardini,庭園,정원,Park,Ogrody,Jardins,Ogrody,Сады,Jardines,
Militia,義勇軍,Milice,Militie,Nostoväki,Milice,Miliz,Πολιτοφυλακή,Polgárőrség,Milizia,民兵,민병대,Hird,Milicja,Milicia,Gardă,Ополчение,Milicia,Milis
Moneylender,錢莊,Lichvář,Geldschieter,Koronkiskuri,Prêteur sur gages,Geldverleiher,Τοκογλύφος,Uzsorás,Usuraio,金貸し,대금업자,Pengeutlåner,Lichwiarz,Agiota,Cămătar,Ростовщик,Prestamista,
Poacher,,,Wilddief,,,Wilddiebin,,,,密猟者,,,Kłusownik,,,Браконьер,,
Remodel,重建,Přestavba,Verbouwing,Muutostyö,Rénovation,Umbau,,Átépítés,Miglioria,改築,개조,Ombygging,Przebudowa,Remodelar,Remodelare,Реконструкция,Remodelar,Ombyggnad
Smithy,鐵匠,Kovárna,Smidse,Takomo,Forgeron,Schmiede,Σιδεράς,Kovácsműhely,Fucina,鍛冶屋,대장장이,Smie,Kuźnia,Forja,Fierar,Кузница,Herrería,Smed
Spy,間諜,Špion,Spion,Vakooja,Espion,Spion,Κατάσκοπος,Kém,Spia,密偵,첩자,Spion,Szpieg,Espião,Spion,Шпион,Espía,
Thief,小偷,Zloděj,Dief,Varas,Voleur,Dieb,,Tolvaj,Ladro,泥棒,도둑,Tyv,Złodziej,Ladrão,Hoțul,Вор,Ladrón,
Throne Room,王座,Trůnní sál,Troonzaal,Valtaistuinsali,Salle du Trône,Thronsaal,Αίθουσα του θρόνου,Trónterem,Sala del Trono,玉座の間,알현실,Tronsal,Sala tronowa,Sala do Trono,Sala tronului,Тронный Зал,Salón del Trono,
Bandit,,,Bandiet,,,Banditin,,,,山賊,,,Bandyta,,,Бандит,,
Council Room,議事廳,Zasedání rady,Raadszaal,Raatihuone,Chambre du conseil,Ratsversammlung,,Tanácsterem,Sala del Consiglio,議事堂,평의회실,Rådssal,Sala obrad,,Sala de Consiliu,Зал Совета,Sala del Consejo,
Festival,慶典,Jarmark,Festival,Juhlat,Festival,Jahrmarkt,,Fesztivál,Fiera,祝祭,축제,Festival,Festyn,,Festival,Фестиваль,Festival,
Laboratory,實驗室,Laboratoř,Laboratorium,Laboratorio,Laboratoire,Laboratorium,Εργαστήριο,Laboratórium,Laboratorio,研究所,실험실,Laboratorium,Laboratorium,Laboratório,Laborator,Лаборатория,Laboratorio,
Library,圖書館,Knihovna,Bibliotheek,Kirjasto,Bibliothèque,Bibliothek,Βιβλιοθήκη,Könyvtár,Biblioteca,書庫,도서관,Bibliotek,Biblioteka,,Bibliotecă,Библиотека,Biblioteca,
Market,市集,Trh,Markt,Tori,Marché,Markt,,Piac,Mercato,市場,시장,Marked,Targowisko,,Piaţă,Рынок,Mercado,Marknad
Mine,礦坑,Důl,Mijn,Kaivos,Mine,Mine,,Bánya,Miniera,鉱山,광산,Gruve,Kopalnia,,Mină,Рудник,Mina,Gruva
Sentry,,,Cipier,,,Torwächterin,,,,番兵,,,Wartownik,,,Часовой,,
Witch,女巫,Čarodějnice,Heks,Noita,Sorcière,Hexe,,Boszorkány,Strega,魔女,마녀,Heks,Wiedźma,,Vrăjitoare,Ведьма,Bruja,
Adventurer,冒險者,Dobrodruh,Avonturier,Seikkailija,Aventurier,Abenteurer,Τυχοδιώκτης,Kalandor,Esploratore,冒険者,모험가,Eventyrer,Odkrywca,Aventureiro,Aventurier,Искатель приключений,Aventurero,
Artisan,,,Ambachtsman,,,Töpferei,,,,陶芸家,,,Rękodzielnik,,,Мастеровой,,
[edit]  Intrigue,,,,,,,,,,,,,,,,,,
,,,,,,,,,,,,,,,,,,
Cards in italics have been removed.,,,,,,,,,,,,,,,,,,
,,,,,,,,,,,,,,,,,,
English,Chinese,Czech,Dutch,Finnish,French,German,Hungarian,Italian,Japanese,Korean,Norwegian,Polish,Russian,Spanish,,,,
Courtyard,庭院,Hradní nádvoří,Binnenplaats,Sisäpiha,Cour,Burghof,Palotaudvar,Cortile di Campagna,中庭,안마당,Slottshage,Dziedziniec,Внутренний Двор,Patio,,,,
Lurker,,,Voyeur,,,Herumtreiberin,,,伏兵,,,,Притаившийся,,,,,
Pawn,小兵,Pěšák,Pion,Apuri,Pion,Handlanger,Csatlós,Pedina,手先,졸개,Kongsmann,Giermek,Подневольный,Peón,,,,
Secret Chamber,密室,Tajemná komnata,Geheime Kamer,Salainen kammio,Chambre secrète,Geheimkammer,Rejtekszoba,Stanza Segreta,秘密の部屋,비밀의 방,Lønnkammer,Tajna komnata,Тайник,Cámara Secreta,,,,
Great Hall,大殿,Velký sál,Grote Zaal,Suuri sali,Grand Hall,Grosse Halle,Nagyterem,Grande Salone,大広間,대회당,Storsal,Westybul,Зал приёмов,Gran Sala,,,,
Masquerade,化妝舞會,Maškary,Maskerade,Naamiaiset,Mascarade,Maskerade,Álarcosbál,Ballo in Maschera,仮面舞踏会,가면 무도회,Maskerade,Maskarada,Маскарад,Mascarada,,,,
Shanty Town,貧民窟,Chudinská čtvrť,Sloppenwijk,Hökkelikylä,Taudis,Armenviertel,Kunyhótelep,Baraccopoli,貧民街,빈민가,Fattigkvarter,Rudera,Трущобы,Chabolas,,,,
Steward,男侍,Správce,Lakei,Käskynhaltija,Intendant,Verwalter,Intéző,Maggiordomo,執事,집사,Kammerherre,Zarządca,Управляющий,Mayordomo,,,,
Swindler,騙徒,Podvodník,Oplichter,Huijari,Escroc,Trickser,Szélhámos,Truffatore,詐欺師,사기꾼,Bedrager,Kanciarz,Мошенник,Embaucador,,,,
Wishing Well,許願井,Studna přání,Wensput,Toivomuskaivo,Puits aux souhaits,Wunschbrunnen,Kívánságok kútja,Pozzo dei Desideri,願いの井戸,소원의 우물,Ønskebrønn,Studnia życzeń,Колодец Желаний,Pozo de los Deseos,,,,
Baron,男爵,Baron,Baron,Paroni,Baron,Baron,Báró,Barone,男爵,남작,Baron,Baron,Барон,Barón,,,,
Bridge,橋樑,Most,Brug,Silta,Pont,Brücke,Híd,Ponte,橋,다리,Bro,Most,Мост,Puente,,,,
Conspirator,共謀者,Spiklenec,Samenzweerder,Vehkeilijä,Conspirateur,Verschwörer,Összeesküvő,Cospiratori,共謀者,공모자,Renkesmed,Spiskowiec,Заговорщик,Conspirador,,,,
Coppersmith,銅匠,Měditepec,Kopersmid,Kupariseppä,Chaudronnier,Kupferschmied,Rézműves,Battirame,銅細工師,동세공인,Kobbersmed,Mennica,Медник,Artesano del Cobre,,,,
Diplomat,,,Diplomaat,,,Diplomatin,,,外交官,,,,Дипломат,,,,,
Ironworks,打鐵舖,Hutě,Ijzergieterij,Rautapaja,Fonderie,Eisenhütte,Kohó,Fonderia,鉄工所,철공소,Jernverk,Huta żelaza,Кузнечный Цех,Fundición,,,,
Mill,,,Molen,,,Mühle,,,風車小屋,,,,Мельница,,,,,
Mining Village,礦業小鎮,Důlní osada,Mijndorp,Kaivoskylä,Village minier,Bergwerk,Bányászfalu,Villaggio Minerario,鉱山の村,광산촌,Bergstad,Osada górnicza,Шахтёрская Деревня,Aldea Minera,,,,
Secret Passage,,,Geheime Doorgang,,,Geheimgang,,,抜け穴,,,,Секретный Проход,,,,,
Scout,斥候,Zvěd,Verkenner,Tiedustelija,Éclaireur,Späher,Felderítő,Scout,偵察員,정찰병,Speider,Zwiadowca,Следопыт,Explorador,,,,
Courtier,,,Makelaar,,,Höflinge,,,廷臣,,,,Придворный,,,,,
Duke,公爵,Vévoda,Hertog,Herttua,Duc,Herzog,Herceg,Duca,公爵,공작,Greve,Starosta,Герцог,Duque,,,,
Minion,爪牙,Služebník,Dienaar,Kätyri,Larbin,Lakai,Udvaronc,Tirapiedi,寵臣,하수인,Lensmann,Sługus,Приспешник,Esbirro,,,,
Patrol,,,Patrouille,,,Patrouille,,,警備兵,,,,Дозор,,,,,
Replace,,,Vervanging,,,Austausch,,,交替,,,,Замещение,,,,,
Saboteur,炸彈客,Sabotér,Saboteur,Tihulainen,Saboteur,Saboteur,Szabotőr,Sabotatore,破壊工作員,파괴 공작원,Sabotør,Sabotażysta,Саботажник,Saboteador,,,,
Torturer,酷刑者,Žalářník,Folteraar,Kiduttaja,Bourreau,Kerkermeister,Kínvallató,Carceriere,拷問人,고문기술자,Skarpretter,Oprawca,Мучитель,Torturador,,,,
Trading Post,商棧,Obchodní místo,Handelspost,Kauppa-asema,Comptoir,Handelsposten,Vándorpiac,Stazione Commerciale,交易所,교역소,Handelsstasjon,Faktoria,Фактория,Puesto Comercial,,,,
Tribute,朝貢,Dar poddaných,Tolheffing,Kymmenykset,Hommage,Tribut,Sarc,Tributo,貢物,공물,Tiende,Danina,Подать,Tributo,,,,
Upgrade,升級,Pokrok,Opwaardering,Parannustyö,Mise à niveau,Anbau,Fejlesztés,Potenziamento,改良,개선,Oppgradering,Rozbudowa,Улучшение,Mejora,,,,
Harem,後宮,Harém,Harem,Haaremi,Harem,Harem,Hárem,Harem,ハーレム,하렘,Harem,Harem,Гарем,Harén,,,,
Nobles,貴族,Šlechtici,Adel,Aateliset,Nobles,Adelige,Nemesség,Nobili,貴族,귀족,Adelsmenn,Szlachta,Вельможи,Nobles,,,,
[edit]  Seaside,,,,,,,,,,,,,,,,,,
English,Chinese,Czech,Dutch,Finnish,French,German,Italian,Japanese,Korean,Polish,Russian,Spanish,,,,,,
Embargo,封港令,Embargo,Embargo,Saarto,Embargo,Embargo,Embargo,抑留,입항금지,Embargo,Эмбарго,Embargo,,,,,,
Haven,港口,Přístav,Haven,Satama,Havre,Hafen,Rada,停泊所,정박소,Przystań,Гавань,Puerto,,,,,,
Lighthouse,燈塔,Maják,Vuurtoren,Majakka,Phare,Leuchtturm,Faro,灯台,등대,Latarnia morska,Маяк,Faro,,,,,,
Native Village,原生部落,Domorodá vesnice,Inheems Dorp,Alkuasukaskylä,Village indigène,Eingeborenendorf,Villaggio Indigeno,原住民の村,원주민 마을,Wioska tubylców,Поселение Аборигенов,Poblado Indígena,,,,,,
Pearl Diver,採珠人,Lovec perel,Parelduiker,Helmenkalastaja,Plongeur de perles,Perlentaucher,Pescatore di Perle,真珠採り,진주조개잡이,Poławiacz pereł,Ловец Жемчуга,Pescador de Perlas,,,,,,
Ambassador,大使,Velvyslanec,Boodschapper,Suurlähettiläs,Ambassadeur,Botschafter,Ambasciatore,大使,대사,Ambasador,Посол,Embajador,,,,,,
Fishing Village,漁村,Rybářská vesnice,Vissersdorp,Kalastajakylä,Village de pêcheurs,Fischerdorf,Villaggio di Pescatori,漁村,어촌,Wioska rybacka,Рыбацкая Деревня,Pueblo de Pescadores,,,,,,
Lookout,瞭望員,Strážní koš,Uitkijk,Tähystäjä,Vigie,Ausguck,Vedetta,見張り,망루,Bocianie gniazdo,Смотровой,Vigía,,,,,,
Smugglers,走私者,Pašeráci,Smokkelaar,Salakuljettajat,Contrebandiers,Schmuggler,Contrabbandieri,密輸人,밀수업자,Przemytnicy,Контрабандисты,Contrabandistas,,,,,,
Warehouse,倉庫,Skladiště,Pakhuis,Varasto,Entrepôt,Lagerhaus,Magazzino,倉庫,창고,Magazyn,Склад,Almacén,,,,,,
Caravan,商隊,Karavana,Karavaan,Karavaani,Caravane,Karawane,Carovana,隊商,대상,Karawana,Караван,Caravana,,,,,,
Cutpurse,扒手,Kapsář,Beurzensnijder,Taskuvaras,Coupeur de bourses,Beutelschneider,Borseggiatore,巾着切り,소매치기,Kieszonkowiec,Карманник,Ratero,,,,,,
Island,島嶼,Ostrov,Eiland,Saari,Île,Insel,Isola,島,섬,Wyspa,Остров,Isla,,,,,,
Navigator,領航員,Navigátor,Navigator,Luotsi,Navigateur,Navigator,Navigatore,航海士,항해사,Nawigator,Штурман,Navegante,,,,,,
Pirate Ship,海盜船,Pirátská loď,Piratenschip,Merirosvolaiva,Bateau pirate,Piratenschiff,Nave Pirata,海賊船,해적선,Okręt piracki,Пиратский Корабль,Barco Pirata,,,,,,
Salvager,打撈員,Zachránce,Afvalverwerker,Hylkysukeltaja,Sauveteur,Müllverwerter,Recupero,引揚水夫,인양작업,Wyławiacz,Спасатель,Rescatador,,,,,,
Sea Hag,海巫,Mořská čarodějnice,Zeeheks,Merennoita,Sorcière de mer,Seehexe,Megera dei Mari,海の妖婆,바다 마녀,Morska wiedźma,Морская Ведьма,Bruja del Mar,,,,,,
Treasure Map,藏寶圖,Mapa pokladu,Schatkaart,Aarrekartta,Carte aux trésors,Schatzkarte,Mappa del Tesoro,宝の地図,보물지도,Mapa skarbu,Карта Сокровищ,Mapa del Tesoro,,,,,,
Bazaar,趕集,Bazar,Bazaar,Basaari,Bazar,Bazar,Bazar,バザー,상점가,Bazar,Базар,Bazar,,,,,,
Explorer,探險者,Objevitel,Ontdekkingsreiziger,Tutkimusmatkailija,Explorateur,Entdecker,Avventuriero,探検家,탐험가,Zdobywca,Исследователь,Exploradora,,,,,,
Ghost Ship,幽靈船,Loď duchů,De Vliegende Hollander,Aavelaiva,Vaisseau fantôme,Geisterschiff,Nave Fantasma,幽霊船,유령선,Okręt widmo,Корабль-Призрак,Barco Fantasma,,,,,,
Merchant Ship,商船,Obchodní loď,Handelsschip,Kauppalaiva,Navire marchand,Handelsschiff,Nave Mercantile,商船,상선,Okręt kupiecki,Торговый Корабль,Barco Mercante,,,,,,
Outpost,前哨,Strážnice,Voorpost,Rannikkoasema,Avant-poste,Aussenposten,Avamposto,前哨地,전진기지,Przyczółek,Аванпост,Puesto Avanzado,,,,,,
Tactician,策士,Taktik,Strateeg,Taktikko,Tacticien,Taktiker,Stratega,策士,책략가,Strateg,Тактик,Estratega,,,,,,
Treasury,金庫,Pokladnice,Schatkamer,Aarrekammio,Trésorerie,Schatzkammer,Tesoro,宝物庫,보물창고,Skarbiec,Казна,Tesorería,,,,,,
Wharf,碼頭,Loděnice,Scheepswerf,Laituri,Quai,Werft,Molo,船着場,부두,Nabrzeże,Верфь,Muelle,,,,,,
[edit]  Alchemy,,,,,,,,,,,,,,,,,,
English,Chinese,Czech,Dutch,Finnish,French,German,Italian,Japanese,Russian,Spanish,,,,,,,,
Transmute,,Přeměna,Transformatie,Transmutaatio,Transmutation,Verwandlung,Trasmutazione,変成,Превращение,Transmutar,,,,,,,,
Vineyard,,Vinice,Wijnberg,Viinitarha,Vignoble,Weinberg,Vigna,ブドウ園,Виноградник,Viñedo,,,,,,,,
Herbalist,,Bylinkář,Kruidenexpert,Yrttikauppias,Herboriste,Kräuterkundiger,Erborista,薬草商,Травник,Herbalista,,,,,,,,
Apothecary,,Lékárník,Apotheker,Apteekkari,Apothicaire,Apotheker,Farmacista,薬師,Аптекарь,Boticario,,,,,,,,
Scrying Pool,占卜,Vidění,Visioen,Ennemalja,Bassin divinatoire,Vision,Divinazione,念視の泉,Гадательная Чаша,Hidromancia,,,,,,,,
University,大學,Univerzita,Universiteit,Yliopisto,Université,Universität,Università,大学,Университет,Universidad,,,,,,,,
Alchemist,煉金術士,Alchymista,Alchemist,Alkemisti,Alchimiste,Alchemist,Alchimista,錬金術師,Алхимик,Alquimista,,,,,,,,
Familiar,,Alchymistův poskok,Oude bekende,Apuolento,Familier,Vertrauter,Famiglio,使い魔,Фамильяр,Familiar,,,,,,,,
Philosopher's Stone,哲人石,Kámen mudrců,Steen der wijzen,Viisasten kivi,Pierre philosophale,Stein der Weisen,Pietra Filosofale,賢者の石,Философский Камень,Piedra Filosofal,,,,,,,,
Potion,藥劑,Elixír,Toverdrank,Rohto,Potion,Trank,Pozione,ポーション,Зелье,Poción,,,,,,,,
Golem,魔像,Golem,Golem,Golem,Golem,Golem,Golem,ゴーレム,Голем,Golem,,,,,,,,
Apprentice,學徒,Učedník,Leerling,Oppipoika,Apprenti,Lehrling,Apprendista,弟子,Подмастерье,Aprendiz,,,,,,,,
Possession,附身,Posedlost,Bezeten,Riivaus,Possession,Besessenheit,Possessione,支配,Одержимость,Posesión,,,,,,,,
[edit]  Prosperity,,,,,,,,,,,,,,,,,,
English,Czech,Dutch,Finnish,French,German,Italian,Japanese,Polish,Russian,Spanish,,,,,,,,
Loan,Půjčka,Lening,Laina,Prêt,Lohn,Prestito,借金,Kredyt,Ссуда,Préstamo,,,,,,,,
Trade Route,Obchodní stezka,Handelsroute,Kauppareitti,Route commerciale,Handelsroute,Mercante,交易路,Szlak handlowy,Торговый Путь,Ruta comercial,,,,,,,,
Watchtower,Strážní věž,Uitkijktoren,Vartiotorni,Mirador,Wachturm,Torre di Guardia,望楼,Strażnica,Сторожевая Башня,Atalaya,,,,,,,,
Bishop,Biskup,Bisschop,Piispa,Évêque,Bischof,Vescovo,司教,Biskup,Епископ,Obispo,,,,,,,,
Monument,Památník,Monument,Monumentti,Monument,Denkmal,Monumento,記念碑,Monument,Памятник,Monumento,,,,,,,,
Quarry,Kamenolom,Steengroeve,Louhos,Carrière,Steinbruch,Cava,石切場,Kamieniołom,Карьер,Cantera,,,,,,,,
Talisman,Talisman,Talisman,Talismaani,Talisman,Talisman,Talismano,護符,Talizman,Талисман,Talismán,,,,,,,,
Worker's Village,Dělnická čtvrť,Arbeidersdorp,Työläiskylä,Village ouvrier,Arbeiterdorf,Cantiere,労働者の村,Wioska robotnicza,Рабочий Посёлок,Pueblo de Trabajadores,,,,,,,,
City,Město,Stad,Kaupunki,Ville,Stadt,Città,都市,Miasto,Город,Ciudad,,,,,,,,
Contraband,Kontraband,Smokkelwaar,Hämärät varat,Contrebande,Schmuggelware,Contrabbando,禁制品,Kontrabanda,Контрабанда,Contrabando,,,,,,,,
Counting House,Zastavárna,Boekhouding,Tilitoimisto,Bureau de comptabilité,Leihhaus,Contabilità,会計所,Rachuba,Счётная Палата,Casa de cuentas,,,,,,,,
Mint,Mincovna,Aanmunten,Rahapaja,Hôtel de la Monnaie,Münzer,Zecca,造幣所,Mincerz,Монетный Двор,Acuñador,,,,,,,,
Mountebank,Mastičkář,Charlatan,Petkuttaja,Charlatan,Quacksalber,Ciarlatano,香具師,Szarlatan,Шаралатан,Charlatán,,,,,,,,
Rabble,Dav,Gespuis,Rahvas,Foule,Gesindel,Tumulto,大衆,Motłoch,Сброд,Chusma,,,,,,,,
Royal Seal,Královská pečeť,Koninklijk zegel,Sinetti,Sceau royal,Königliches Siegel,Sigillo Reale,玉璽,Królewska pieczęć,Королевская Печать,Sello Real,,,,,,,,
Vault,Trezor,Schatkelder,Holvi,Chambre forte,Gewölbe,Nascondiglio,保管庫,Składnica,Хранилище,Cripta,,,,,,,,
Venture,Odvážlivec,Waagstuk,Palkkio,Entreprise risquée,Abenteuer,Soldo,投機,Złoty interes,Авантюра,Especulación,,,,,,,,
Goons,Hrdlořez,Domkoppen,Roistot,Fiers-à-bras,Halsabschneider,Scagnozzi,ならず者,Naciągacze,Головорезы,Matones,,,,,,,,
Grand Market,Velký trh,Grote markt,Suurtori,Grand marché,Grosser Markt,Mercato di Lusso,大市場,Wielki targ,Центральный Рынок,Gran Mercado,,,,,,,,
Hoard,Bohatství,Spaargeld,Aarre,Magot,Hort,Mucchio,隠し財産,Krocie,Сокровищница,Tesoro escondido,,,,,,,,
Bank,Banka,Bank,Pankki,Banque,Bank,Banca,銀行,Bank,Банк,Banco,,,,,,,,
Expand,Růst,Uitbreiden,Laajennus,Agrandissement,Ausbau,Ampliamento,拡張,Modernizacja,Расширение,Expansión,,,,,,,,
Forge,Kování,Vervalsen,Ahjo,Forge,Kunstschmiede,Incastonare,鍛造,Płatnerz,Ковка,Forja,,,,,,,,
King's Court,Královský dvůr,Koningshof,Kuninkaan Hovi,Cour du Roi,Königshof,Corte,宮廷,Rada królewska,Королевский Суд,Corte Real,,,,,,,,
Peddler,Podomní obchodník,Venter,Kulkukauppias,Colporteur,Hausierer,Ambulante,行商人,Domokrążca,Коробейник,Buhonero,,,,,,,,
Platinum,Platina,Platina,Platina,Platine,Platin,Platino,白金貨,Platyna,Платина,Platino,,,,,,,,
Colony,Kolonie,Kolonie,Siirtomaa,Colonie,Kolonie,Colonia,植民地,Kolonia,Колония,Colonia,,,,,,,,
[edit]  Cornucopia,,,,,,,,,,,,,,,,,,
English,Czech,Dutch,Finnish,French,German,Italian,Japanese,Polish,Russian,Spanish,,,,,,,,
Bag of Gold,Pytel zlata,Zak met goud,Kultapussi,Sac d'or,Ein Sack voll Gold,Borsa d'Oro,金貨袋,Worek Złota,Мешок Золота,Bolsa de Oro,,,,,,,,
Diadem,Diadém,Tiara,Otsakoru,Diadème,Diadem,Diadema,王冠,Diadem,Диадема,Diadema,,,,,,,,
Followers,Stoupenci,Volgelingen,Seuraajat,Partisans,Gefolge,Sostenitori,郎党,Korowód,Последователи,Seguidores,,,,,,,,
Princess,Princezna,Prinses,Prinsessa,Princesse,Prinzessin,Principessa,王女,Księżniczka,Принцесса,Princesa,,,,,,,,
Trusty Steed,Věrný oř,Trouwe ros,Uskollinen Ratsu,Fidèle destrier,Streitross,Destriero Fedele,名馬,Wierny Rumak,Верный Конь,Corcel Fiel,,,,,,,,
Hamlet,Osada,Gehucht,Kyläraitti,Hameau,Weiler,Borgo,村落,Folwark,Деревушка,Caserío,,,,,,,,
Fortune Teller,Věštkyně,Waarzegster,Ennustaja,Diseuse de bonne aventure,Wahrsagerin,Indovina,占い師,Cyganka,Гадалка,Adivinadora,,,,,,,,
Menagerie,Zvěřinec,Menagerie,Villieläintarha,Ménagerie,Menagerie,Serraglio,移動動物園,Menażeria,Зверинец,Colección de Animales,,,,,,,,
Farming Village,Selský dvůr,Boerendorp,Talonpoikaiskylä,Village agricole,Bauerndorf,Villaggio Agricolo,農村,Farma,Деревня Фермеров,Poblado Agrícola,,,,,,,,
Horse Traders,Koňští handlíři,Paardenhandelaars,Hevoskauppias,Maquignons,Pferdehändler,Mercanti di Cavalli,馬商人,Banda Koniokradów,Торговцы Лошадьми,Tratantes de Caballos,,,,,,,,
Remake,Nové provedení,Nieuwe versie,Jälleenrakennus,Renouvellement,Nachbau,Rifacimento,再建,Rozbiórka,Переделка,Reconstrucción,,,,,,,,
Tournament,Turnaj,Toernooi,Turnajaiset,Tournoi,Turnier,Torneo,馬上槍試合,Turniej Rycerski,Турнир,Torneo,,,,,,,,
Young Witch,Mladá čarodějka,Jonge heks,Nuori noita,Jeune sorcière,Junge Hexe,Giovane Strega,魔女娘,Młoda Wiedźma,Юная Ведьма,Bruja Joven,,,,,,,,
Harvest,Sklizeň,Oogst,Sadonkorjuu,Récolte,Ernte,Mietitura,収穫,Zniwa,Сбор Урожая,Cosecha,,,,,,,,
Horn of Plenty,Roh hojnosti,Hoorn des overvloeds,Runsaudensarvi,Corne d'abondance,Füllhorn,Cornucopia,豊穣の角笛,Róg Obfitości,Рог Изобилия,Cornucopia,,,,,,,,
Hunting Party,Lovci,Jachtgezelschap,Jahti,Chasseurs,Treibjagd,Battuta di Caccia,狩猟団,Polowanie,Охотничий Отряд,Cacería,,,,,,,,
Jester,Šašek,Nar,Narri,Bouffon,Harlekin,Giullare,道化師,Błazen,Шут,Bufón,,,,,,,,
Fairgrounds,Tržiště,Kermisterrein,Markkinat,Champ de foire,Festplatz,Mercatino,品評会,Odpust,Ярмарка,Recinto Ferial,,,,,,,,
[edit]  Hinterlands,,,,,,,,,,,,,,,,,,
English,Czech,Dutch,Finnish,French,German,Italian,Japanese,Russian,Spanish,,,,,,,,,
Crossroads,Křižovatka,Splitsing,Tienristeys,Carrefour,Wegkreuzung,Incrocio,岐路,Перекрёсток,Encrucijada,,,,,,,,,
Duchess,Vévodkyně,Hertogin,Herttuatar,Duchesse,Herzogin,Duchessa,公爵夫人,Герцогиня,Duquesa,,,,,,,,,
Fool's Gold,Kočičí zlato,Klatergoud,Katinkulta,Or des fous,Katzengold,Oro dello Stolto,愚者の黄金,Золото Дураков,Oro Falso,,,,,,,,,
Develop,Výstavba,Ontwikkelen,Grynderi,Développement,Aufbau,Sviluppo,開発,Развитие,Desarrollo,,,,,,,,,
Oasis,Oáza,Oase,Keidas,Oasis,Oase,Oasi,オアシス,Оазис,Oasis,,,,,,,,,
Oracle,Věštírna,Orakel,Oraakkeli,Oracle,Orakel,Oracolo,神託,Оракул,Oráculo,,,,,,,,,
Scheme,Pleticha,Gekonkel,Juoni,Complot,Komplott,Macchinazione,画策,Схема,Confabulación,,,,,,,,,
Tunnel,Tunel,Tunnel,Tunneli,Tunnel,Tunnel,Galleria,坑道,Туннель,Túnel,,,,,,,,,
Jack of all Trades,Všeuměl,Manusje-van-alles,Monitaituri,Touche-à-tout,Lebenskünstler,Tuttofare,よろずや,Мастер на все Руки,Chico para Todo,,,,,,,,,
Noble Brigand,Zbojník,Nobele bandiet,Jalo maantierosvo,Noble brigand,Edler Räuber,Ladro Gentiluomo,義賊,Благородный Разбойник,Bandido Honrado,,,,,,,,,
Nomad Camp,Tábor nomádů,Nomadenkamp,Paimentolaisleiri,Campement nomade,Nomadencamp,Campo Nomadi,遊牧民の野営地,Стойбище,Campamento Nómada,,,,,,,,,
Silk Road,Hedvábná stezka,Zijderoute,Silkkitie,Route de la soie,Seidenstrasse,Via della Seta,シルクロード,Шёлковый Путь,Ruta de la Seda,,,,,,,,,
Spice Merchant,Kořenář,Specerijenkoopman,Maustekauppias,Marchand d'épices,Gewürzhändler,Mercante di Spezie,香辛料商人,Торговец Специями,Mercader de Especias,,,,,,,,,
Trader,Kramář,Handelaar,Kaupustelija,Troqueuse,Fahrender Händler,Commerciante,交易人,Торговец,Comerciante,,,,,,,,,
Cache,Úkryt,Bewaarplaats,Piilo,Cache,Schatztruhe,Forziere,埋蔵金,Схрон,Hallazgo,,,,,,,,,
Cartographer,Kartograf,Cartograaf,Kartanpiirtäjä,Cartographe,Kartograph,Cartografo,地図職人,Картограф,Cartógrafo,,,,,,,,,
Embassy,Vyslanectví,Ambassade,Lähetystö,Ambassade,Botschaft,Diplomatico,大使館,Посольство,Embajada,,,,,,,,,
Haggler,Handlíř,Sjacheraar,Tinkijä,Marchandeur,Feilscher,Contrattazione,値切り屋,Торгаш,Regateador,,,,,,,,,
Highway,Silnice,Hoofdweg,Maantie,Route,Fernstrasse,Strada Maestra,街道,Тракт,Carretera,,,,,,,,,
Ill-Gotten Gains,Nečestné zisky,Gestolen goed,Epäonnen saalis,Argent noir,Blutzoll,Infame Profitto,不正利得,Проклятое Золото,Dinero Sucio,,,,,,,,,
Inn,Hostinec,Herberg,Majatalo,Auberge,Gasthaus,Locanda,宿屋,Постоялый Двор,Posada,,,,,,,,,
Mandarin,Mandarín,Mandarijn,Mandariini,Mandarin,Mandarin,Mandarino,官吏,Мандарин,Mandarín,,,,,,,,,
Margrave,Markrabě,Markgraaf,Markiisi,Margrave,Markgraf,Margravio,辺境伯,Маркграф,Margrave,,,,,,,,,
Stables,Stáje,Stallen,Hevostalli,Écuries,Stallungen,Stalla,厩舎,Конюшня,Caballerizas,,,,,,,,,
Border Village,Pohraniční vesnice,Grensdorp,Rajakylä,Village frontalier,Grenzdorf,Villaggio di Frontiera,国境の村,Пограничная Деревня,Pueblo Fronterizo,,,,,,,,,
Farmland,Úrodná země,Landbouwgrond,Viljelysmaat,Terre agricole,Fruchtbares Land,Terra Coltivata,農地,Угодья,Tierra de Labranza,,,,,,,,,
[edit]  Dark Ages,,,,,,,,,,,,,,,,,,
English,Czech,Dutch,Finnish,French,German,Japanese,Korean,Russian,Spanish,,,,,,,,,
Spoils,Kořist,Buit,Sotasaalis,Butin,Beute,略奪品,전리품,Добыча,Botín,,,,,,,,,
Abandoned Mine,Opuštěný důl,Verlaten Mijn,Raunioitunut kaivos,Mine abandonnée,Verlassene Mine,廃坑,폐광,Заброшенный Рудник,Mina Abandonada,,,,,,,,,
Ruined Library,Zničená knihovna,Ingestorte Bibliotheek,Raunioitunut kirjasto,Bibliothèque en ruines,Zerstörte Bibliothek,図書館跡地,폐허가 된 도서관,Разрушенная Библиотека,Biblioteca en Ruinas,,,,,,,,,
Ruined Market,Zničené tržiště,Verwoeste Markt,Raunioitunut tori,Marché en ruines,Zerstörter Markt,市場跡地,폐허가 된 시장,Разрушенный Рынок,Mercado en Ruinas,,,,,,,,,
Ruined Village,Vypálená vesnice,Vernield Dorp,Raunioitunut kylä,Ville en ruines,Zerstörtes Dorf,廃村,폐허가 된 마을,Разрушенная Деревня,Pueblo en Ruinas,,,,,,,,,
Survivors,Pozůstalí,Overlevenden,Eloonjääneet,Rescapés,Überlebende,生存者,생존자,Уцелевшие,Supervivientes,,,,,,,,,
Hovel,Chýše,Hutje,Röttelö,Cabane,Hütte,納屋,초가집,Лачуга,Casucha,,,,,,,,,
Necropolis,Vylidněné město,Necropolis,Kuolleiden kaupunki,Nécropole,Totenstadt,共同墓地,공동묘지,Некрополь,Necrópolis,,,,,,,,,
Overgrown Estate,Zpustlý statek,Verwilderd Landgoed,Autiotila,Domaine luxuriant,Verfallenes Anwesen,草茂る屋敷,잡초투성이 사유지,Заросшее Поместье,Finca Abandonada,,,,,,,,,
Poor House,Chudobinec,Armenhuis,Köyhäintalo,Hospice,Armenhaus,救貧院,빈민구제소,Богадельня,Hospicio,,,,,,,,,
Beggar,Žebrák,Bedelaar,Kerjäläinen,Mendiant,Bettler,物乞い,거지,Попрошайка,Mendigo,,,,,,,,,
Squire,Panoš,Schildknaap,Aseenkantaja,Écuyer,Knappe,従者,종자,Оруженосец,Escudero,,,,,,,,,
Vagrant,Tulák,Landloper,Kulkuri,Vagabond,Landstreicher,浮浪者,부랑자,Бродяга,Vagabundo,,,,,,,,,
Forager,Sběrač,Jager-Verzamelaar,Keräilijä,Cueilleur,Mundraub,採集者,식량 약탈자,Фуражир,Merodeador,,,,,,,,,
Hermit,Poustevník,Kluizenaar,Erakko,Ermite,Eremit,隠遁者,은둔자,Отшельник,Ermitaño,,,,,,,,,
Madman,Šílenec,Krankzinnige,Kylähullu,Fou,Verrückter,狂人,미치광이,Безумец,Loco,,,,,,,,,
Market Square,Náměstí,Marktplein,Kauppatori,Place du marché,Marktplatz,青空市場,시장 광장,Рыночная Площадь,Plaza del Mercado,,,,,,,,,
Sage,Mudrc,Wijsgeer,Tietäjä,Sage,Weiser,賢者,현자,Мудрец,Sabio,,,,,,,,,
Storeroom,Komora,Berghok,Kellarivarasto,Salle d'entreposage,Lagerraum,物置,저장실,Кладовая,Depósito,,,,,,,,,
Urchin,Darebák,Straatjongen,Katulapsi,Orphelin,Gassenjunge,浮浪児,양아치,Беспризорник,Pillastre,,,,,,,,,
Mercenary,Žoldnéř,Huurling,Palkkasoturi,Mercenaire,Söldner,傭兵,용병,Наёмный Убийца,Mercenario,,,,,,,,,
Armory,Zbrojnice,Wapenkamer,Asevarasto,Armurerie,Waffenkammer,武器庫,무기고,Арсенал,Armería,,,,,,,,,
Death Cart,Pohřební kára,Dodenkar,Ruumisvaunu,Charrette de cadavres,Leichenkarren,死の荷車,시체운반수레,Труповозка,Carro de los Muertos,,,,,,,,,
Feodum,Léno,Feodum,Sarka,Fief,Lehen,封土,봉토,Феод,Feudo,,,,,,,,,
Fortress,Pevnost,Vesting,Linnoitus,Forteresse,Festung,城塞,요새,Крепость,Fortaleza,,,,,,,,,
Ironmonger,Železářství,Metaalhandelaar,Reppuryssä,Ferronnier,Eisenhändler,金物商,철물상,Скобянщик,Ferretero,,,,,,,,,
Marauder,Nájezdník,Stroper,Vandaali,Maraudeur,Marodeur,襲撃者,습격자,Мародёр,Salteador,,,,,,,,,
Procession,Procesí,Optocht,Virkanimitys,Procession,Prozession,行進,행렬,Шествие,Procesión,,,,,,,,,
Rats,Krysy,Ratten,Rotta,Rats,Ratten,ネズミ,쥐떼,Крысы,Ratas,,,,,,,,,
Scavenger,Metař,Scharrelaar,Haaskalintu,Pilleur,Lumpensammler,ゴミあさり,쓰레기 뒤지는 사람,Мусорщик,Carroñero,,,,,,,,,
Wandering Minstrel,Bard,Reizende Minstreel,Trubaduuri,Ménestrel errant,Barde,吟遊詩人,방랑 시인,Странствующий Бард,Juglar,,,,,,,,,
Band of Misfits,Zkrachovalci,Groep Mislukkelingen,Hurja joukko,Malfaiteurs,Vogelfreie,はみだし者,부적응자,Банда Неудачников,Banda de Rufianes,,,,,,,,,
Bandit Camp,Tábor banditů,Bandietenkamp,Rosvoleiri,Camp de bandits,Banditenlager,山賊の宿営地,산적 소굴,Лагерь Разбойников,Campamento de Bandidos,,,,,,,,,
Catacombs,Katakomby,Gewelven,Katakombit,Catacombes,Katakomben,地下墓所,납골당,Катакомбы,Catacumbas,,,,,,,,,
Count,Hrabě,Graaf,Jaarli,Comte,Graf,伯爵,백작,Граф,Conde,,,,,,,,,
Counterfeit,Padělek,Vals Geld,Väärennös,Contrefaçon,Falschgeld,偽造通貨,위조,Подделка,Falsificación,,,,,,,,,
Cultist,Vyznavač,Cultist,Okkultisti,Cultiste,Kultist,狂信者,광신도,Культист,Sectario,,,,,,,,,
Graverobber,Vykradač hrobů,Grafrover,Haudanryöstäjä,Pilleur de tombes,Grabräuber,墓暴き,도굴꾼,Расхититель Могил,Ladrón de Tumbas,,,,,,,,,
Junk Dealer,Vetešník,Opkoper,Romukauppias,Brocanteur,Schrotthändler,屑屋,고물상,Старьёвщик,Chatarrero,,,,,,,,,
Knights,Rytíři,Ridders,Ritarit,Chevalier,Ritter,騎士,기사,Рыцари,Caballero,,,,,,,,,
Dame Anna,Lady Anna,Dame Anna,Dame Jessica,,Dame Anna,デイム ・ アンナ,,,,,,,,,,,,
Dame Josephine,Lady Josefína,Dame Josephine,Dame Louise,,Dame Josephine,デイム ・ ジョセフィーヌ,,,,,,,,,,,,
Dame Molly,Lady Molly,Dame Molly,Dame Luna,,Dame Molly,デイム ・ モリー,,,,,,,,,,,,
Dame Natalie,Lady Natálie,Dame Natalie,Dame Julia,,Dame Natalie,デイム ・ ナタリー,,,,,,,,,,,,
Dame Sylvia,Lady Sylvie,Dame Sylvia,Dame Linda,,Dame Sylvia,デイム ・ シルビア,,,,,,,,,,,,
Sir Bailey,Sir Bailey,Sir Bailey,Sir Julian,,Sir Bailey,サー ・ ベイリー,,,,,,,,,,,,
Sir Destry,Sir Destry,Sir Destry,Sir Nelson,,Sir Destry,サー ・ デストリー,,,,,,,,,,,,
Sir Martin,Sir Martin,Sir Martin,Sir Christian,,Sir Martin,サー ・ マーチン,,,,,,,,,,,,
Sir Michael,Sir Michael,Sir Michael,Sir Markus,,Sir Michael,サー ・ マイケル,,,,,,,,,,,,
Sir Vander,Sir Vander,Sir Vander,Sir Lukas,,Sir Vander,サー ・ ヴァンデル,,,,,,,,,,,,
Mystic,Šamanka,Toverfeeks,Mystikko,Mystique,Medium,秘術師,신비주의자,Мистик,Pitonisa,,,,,,,,,
Pillage,Drancování,Plundering,Ryöstöretki,Pillage,Raubzug,略奪,강탈,Погром,Pillaje,,,,,,,,,
Rebuild,Obnova,Wederopbouw,Kunnostus,Reconstruction,Neubau,建て直し,재건축,Перестройка,Reconstruir,,,,,,,,,
Rogue,Padouch,Schurk,Ryöstäjä,Bandit,Schurke,盗賊,방랑자,Жулик,Granuja,,,,,,,,,
Altar,Oltář,Altaar,Alttari,Autel,Altar,祭壇,제단,Алтарь,Altar,,,,,,,,,
Hunting Grounds,Revír,Jachtvelden,Metsästysmaat,Territoire de chasse,Jagdgründe,狩場,사냥터,Охотничьи Угодья,Coto de Caza,,,,,,,,,
[edit]  Guilds,,,,,,,,,,,,,,,,,,
English,Dutch,Finnish,French,German,Japanese,Korean,Russian,,,,,,,,,,,
Candlestick Maker,Kandelaarmaker,Kynttilänvalaja,Cirier,Leuchtenmacher,蝋燭職人,촛대제작자,Свечной Мастер,,,,,,,,,,,
Stonemason,Steenhouwer,Kivenhakkaaja,Tailleur de pierre,Steinmetz,石工,석공,Каменщик,,,,,,,,,,,
Doctor,Arts,Lääkäri,Médecin,Arzt,医者,의사,Доктор,,,,,,,,,,,
Masterpiece,Meesterwerk,Mestariteos,Chef-d'œuvre,Meisterstück,名品,명작,Шедевр,,,,,,,,,,,
Advisor,Adviseur,Neuvonantaja,Conseiller,Berater,助言者,고문,Советник,,,,,,,,,,,
Plaza,Plaza,Suihkulähde,Place du village,Platz,広場,광장,Площадь,,,,,,,,,,,
Taxman,Belastinginner,Verottaja,Percepteur,Steuereintreiber,収税吏,세금징수원,Сборщик Налогов,,,,,,,,,,,
Herald,Heraut,Airut,Héraut,Herold,伝令官,전령,Глашатай,,,,,,,,,,,
Baker,Bakker,Leipuri,Boulanger,Bäcker,パン屋,제빵사,Пекарь,,,,,,,,,,,
Butcher,Slager,Teurastaja,Boucher,Metzger,肉屋,도살자,Мясник,,,,,,,,,,,
Journeyman,Gezel,Reissumies,Compagnon,Wandergeselle,熟練工,여행자,Подёнщик,,,,,,,,,,,
Merchant Guild,Koopmansgilde,Kilta,Guilde des Marchands,Kaufmannsgilde,商人ギルド,상인조합,Купеческая Гильдия,,,,,,,,,,,
Soothsayer,Helderziende,Manaaja,Devin,WahrsagerWahrsagerinHellseherin,預言者,예언자,Предсказатель,,,,,,,,,,,
[edit]  Adventures,,,,,,,,,,,,,,,,,,
English,Dutch,Finnish,French,German,Japanese,Russian,,,,,,,,,,,,
Coin of the Realm,Koninklijke munt,Kuninkaallinen raha,Monnaie Royale,Königliche Münzen,法貨,Королевская Монета,,,,,,,,,,,,
Page,Wapenknecht,Kisälli,Page,Page,騎士見習い,Паж,,,,,,,,,,,,
Treasure Hunter,Roofridder,Aarteenmetsästäjä,Chasseuse de Trésors,Schatzsucher,トレジャーハンター,Охотник за Сокровищами,,,,,,,,,,,,
Warrior,Krijger,Soturi,Guerrière,Krieger,ウォリアー,Воин,,,,,,,,,,,,
Hero,Held,Sankari,Héroïne,Held,ヒーロー,Герой,,,,,,,,,,,,
Champion,Kampioen,Mestari,Championne,Champion,チャンピオン,Чемпион,,,,,,,,,,,,
Peasant,Boer,Maalainen,Paysan,Kleinbauer,農民,Крестьянин,,,,,,,,,,,,
Soldier,Landsknecht,Sotilas,Soldat,Soldat,兵士,Солдат,,,,,,,,,,,,
Fugitive,Vluchteling,Pakolainen,Fugitif,Flüchtling,脱走兵,Дезертир,,,,,,,,,,,,
Disciple,Leerknecht,Oppilas,Disciple,Schüler,門下生,Ученик,,,,,,,,,,,,
Teacher,Leermeester,Opettaja,Maître,Lehrer,教師,Учитель,,,,,,,,,,,,
Ratcatcher,Rattenvanger,Rotanmetsästäjä,Chasseur de rats,Rattenfänger,鼠捕り,Крысолов,,,,,,,,,,,,
Raze,Afbraak,Hävitys,Démolition,Zerstörung,倒壊,Разрушение,,,,,,,,,,,,
Amulet,Amulet,Amuletti,Amulette,Amulett,魔除け,Амулет,,,,,,,,,,,,
Caravan Guard,Karavaanescorte,Karavaanivartija,Escorte,Karawanenwächter,隊商の護衛,Охрана Каравана,,,,,,,,,,,,
Dungeon,Kerker,Tyrmä,Donjon,Verlies,地下牢,Подземелье,,,,,,,,,,,,
Gear,Uitrusting,Varusteet,Équipement,Ausrüstung,道具,Снаряжение,,,,,,,,,,,,
Guide,Gids,Opas,Guide,Kundschafter,案内人,Проводник,,,,,,,,,,,,
Duplicate,Duplicaat,Kopio,Copie,Duplikat,複製,Дублирование,,,,,,,,,,,,
Magpie,Ekster,Harakka,Pie voleuse,Elster,カササギ,Сорока,,,,,,,,,,,,
Messenger,Koerier,Kuriiri,Courrier,Kurier,使者,Посланник,,,,,,,,,,,,
Miser,Vrek,Saituri,Miséreux,Geizhals,守銭奴,Скряга,,,,,,,,,,,,
Port,Zeehaven,Satamakaupunki,Ville portuaire,Hafenstadt,港町,Порт,,,,,,,,,,,,
Ranger,Woudloper,Samooja,Forestier,Wildhüter,山守,Лесничий,,,,,,,,,,,,
Transmogrify,Metamorfose,Muodonmuutos,Transfiguration,Transformation,変容,Метаморфоза,,,,,,,,,,,,
Artificer,Kanonnengieter,Käsityöläinen,Maître-artisan,Kunsthandwerker,工匠,Ремесленник,,,,,,,,,,,,
Bridge Troll,Brugtrol,Siltapeikko,Pont aux Trolls,Brückentroll,橋の下のトロル,Тролль под Мостом,,,,,,,,,,,,
Distant Lands,Verre landen,Kaukomaat,Terres lointaines,Ferne Lande,遠隔地,Дальние Земли,,,,,,,,,,,,
Giant,Reus,Jättiläinen,Géant,Riese,巨人,Гигант,,,,,,,,,,,,
Haunted Woods,Spookbos,Kummitusmetsä,Bois hantés,Geisterwald,呪いの森,Призрачный Лес,,,,,,,,,,,,
Lost City,Verloren stad,Kadonnut kaupunki,Cité perdue,Verlorene Stadt,失われた都市,Затерянный Город,,,,,,,,,,,,
Relic,Relikwie,Reliikki,Relique,Relikt,遺物,Реликвия,,,,,,,,,,,,
Royal Carriage,Koninklijke koets,Kuninkaalliset vaunut,Cortège royal,Königliche Kutsche,御料車,Королевская Карета,,,,,,,,,,,,
Storyteller,Verteller,Tarinankertoja,Conteuse,Geschichtenerzähler,語り部,Сказочник,,,,,,,,,,,,
Swamp Hag,Heks uit het moeras,Suonoita,Sorcière des marais,Sumpfhexe,沼の妖婆,Болотная Ведьма,,,,,,,,,,,,
Treasure Trove,Verborgen schat,Aarrekasa,Pierres précieuses,Schatz,掘出物,Клад,,,,,,,,,,,,
Wine Merchant,Wijnhandelaar,Viinikauppias,Marchand de vin,Weinhändler,ワイン商,Винный Торговец,,,,,,,,,,,,
Hireling,Huursoldaat,Palkollinen,Recrue,Gefolgsmann,雇人,Наёмник,,,,,,,,,,,,
Alms,Aalmoes,Almut,Aumône,Almosen,施し,Милостыня,,,,,,,,,,,,
Borrow,Lenen,Vippi,Emprunt,Leihgabe,借入,Займ,,,,,,,,,,,,
Quest,Queeste,Seikkailu,Quête,Quest,探索,Поход,,,,,,,,,,,,
Save,Sparen,Säästöt,Resserre,Zuflucht,保存,Сбережение,,,,,,,,,,,,
Scouting Party,Verkennerseenheid,Tiedustelupartio,Pistage,Spähtrupp,偵察隊,Поисковый Отряд,,,,,,,,,,,,
Travelling Fair,Kermis,Kiertelevät markkinat,Forains,Wanderzirkus,移動遊園地,Странствующий Балаган,,,,,,,,,,,,
Bonfire,Vreugdevuur,Kokko,Feu de joie,Freudenfeuer,焚火,Костёр,,,,,,,,,,,,
Expedition,Expeditie,Tutkimusmatka,Expédition,Expedition,探検,Экспедиция,,,,,,,,,,,,
Ferry,Veerboot,Lautta,Bac,Überfahrt,渡し船,Переправа,,,,,,,,,,,,
Plan,Plan,Suunnitelma,Plan de Bataille,Planung,立案,Замысел,,,,,,,,,,,,
Mission,Missie,Tehtävä,Mission,Mission,使節団,Миссия,,,,,,,,,,,,
Pilgrimage,Bedevaart,Pyhiinvaellus,Pèlerinage,Pilgerfahrt,巡礼,Паломничество,,,,,,,,,,,,
Ball,Bal,Tanssiaiset,Bal,Ball,舞踏会,Бал,,,,,,,,,,,,
Raid,Overval,Ryöstöretki,Raid,Überfall,奇襲,Набег,,,,,,,,,,,,
Seaway,Zeeroute,Merireitti,Route Maritime,Seeweg,海路,Фарватер,,,,,,,,,,,,
Trade,Handel,Vaihtokauppa,Commerce,Handel,交易,Сделка,,,,,,,,,,,,
Lost Arts,Verloren Kunst,Unohdetut kyvyt,Arts anciens,Verlorene Kunst,失われた技術,Утерянные Искусства,,,,,,,,,,,,
Training,Training,Koulutus,Entraînement,Training,鍛錬,Обучение,,,,,,,,,,,,
Inheritance,Erfenis,Perintö,Héritage,Erbschaft,相続,Наследство,,,,,,,,,,,,
Pathfinding,Woudlopen,Reitin etsintä,Reconnaissance,Wegsuche,誘導,Землепроходство,,,,,,,,,,,,
[edit]  Empires,,,,,,,,,,,,,,,,,,
English,Dutch,Finnish,German,Japanese,Polish,Russian,,,,,,,,,,,,
Engineer,Ingenieur,Rakennusmestari,Ingenieurin,技術者,Inżynier,Инженер,,,,,,,,,,,,
City Quarter,Stadswijk,Kaupunginosa,Stadtviertel,市街,Dzielnica,Городской Квартал,,,,,,,,,,,,
Overlord,Despoot,Ylipäällikkö,Lehnsherr,大君主,Władca,Повелитель,,,,,,,,,,,,
Royal Blacksmith,Koninklijke smid,Kuninkaanseppä,Königlicher Schmied,王室の鍛冶屋,Królewski kowal,Королевский Кузнец,,,,,,,,,,,,
Encampment,Kampement,Leiri,Feldlager,陣地,Obozowisko,Лагерь,,,,,,,,,,,,
Plunder,Plunderen,Ryöstösaalis,Diebesgut,鹵獲品,Zdobycz,Награбленное,,,,,,,,,,,,
Patrician,Patriciër,Patriisi,Patrizier,パトリキ,Patrycjusz,Патриций,,,,,,,,,,,,
Emporium,Emporium,Markkinapaikka,Handelsplatz,エンポリウム,Emporium,Эмпорий,,,,,,,,,,,,
Settlers,Kolonisten,Uudisasukkaat,Siedler,開拓者,Osadnicy,Поселенцы,,,,,,,,,,,,
Bustling Village,Levendig dorp,Vilkas kylä,Emsiges Dorf,騒がしい村,Gwarna wioska,Суетливая Деревня,,,,,,,,,,,,
Castles,Kastelen,Linnat,Schlösser,城,Zamek,Замки,,,,,,,,,,,,
Humble Castle,Bescheiden Kasteel,Vaatimaton linna,Bescheidenes Schloss,粗末な城,Skromny zamek,Скромный Замок,,,,,,,,,,,,
Crumbling Castle,Vervallen Kasteel,Rauniolinna,Verfallendes Schloss,崩れた城,Niszczejący zamek,Полуразрушенный Замок,,,,,,,,,,,,
Small Castle,Klein Kasteel,Pieni linna,Kleines Schloss,小さい城,Mały zamek,Маленький Замок,,,,,,,,,,,,
Haunted Castle,Spookkasteel,Aavelinna,Spukschloss,幽霊城,Nawiedzony zamek,Замок с Привидениями,,,,,,,,,,,,
Opulent Castle,Weelderig Kasteel,Ylenpalttinen linna,Reiches Schloss,華やかな城,Dostatni zamek,Роскошный Замок,,,,,,,,,,,,
Sprawling Castle,Florerend Kasteel,Rönsyilevä linna,Ausgedehntes Schloss,広大な城,Rozległy zamek,Разросшийся Замок,,,,,,,,,,,,
Grand Castle,Groot Kasteel,Suurilinna,Prunkschloss,壮大な城,Okazały zamek,Великий Замок,,,,,,,,,,,,
King's Castle,Koningskasteel,Kuninkaanlinna,Königsschloss,王城,Królewski zamek,Королевский Замок,,,,,,,,,,,,
Catapult,Katapult,Katapultti,Katapult,投石機,Katapulta,Катапульта,,,,,,,,,,,,
Rocks,Rotsblokken,Kivet,Felsen,石,Głazy,Булыжники,,,,,,,,,,,,
Chariot Race,Strijdwagenrace,Vaunukisat,Wagenrennen,戦車競走,Wyścig rydwanów,Гонки на Колесницах,,,,,,,,,,,,
Enchantress,Tovenares,Lumoajatar,Zauberin,女魔術師,Czarodziejka,Заклинательница,,,,,,,,,,,,
Farmers' Market,Boerenmarkt,Maalaismarkkinat,Bauernmarkt,農家の市場,Targ rolny,Фермерский Рынок,,,,,,,,,,,,
Gladiator,Gladiator,Gladiaattori,Gladiator,剣闘士,Gladiator,Гладиатор,,,,,,,,,,,,
Fortune,Fortuin,Palkinto,Reichtum,大金,Fortuna,Состояние,,,,,,,,,,,,
Sacrifice,Offer,Uhraus,Opfer,生贄,Ofiara,Жертвоприношение,,,,,,,,,,,,
Temple,Tempel,Temppeli,Tempel,神殿,Świątynia,Храм,,,,,,,,,,,,
Villa,Villa,Huvila,Villa,ヴィラ,Willa,Вилла,,,,,,,,,,,,
Archive,Archief,Arkisto,Archiv,資料庫,Archiwum,Архив,,,,,,,,,,,,
Capital,Kapitaal,Pääoma,Vermögen,元手,Kapitał,Капитал,,,,,,,,,,,,
Charm,Geluksbrenger,Onnenkalu,Zauber,御守り,Klejnot,Безделушка,,,,,,,,,,,,
Crown,Kroon,Kruunu,Krone,冠,Korona,Корона,,,,,,,,,,,,
Forum,Forum,Foorumi,Forum,公共広場,Forum,Форум,,,,,,,,,,,,
Groundskeeper,Kasteelhovenier,Puutarhuri,Gärtnerin,庭師,Ogrodnik,Садовник,,,,,,,,,,,,
Legionary,Legioensoldaat,Legioonalainen,Legionär,軍団兵,Legionista,Легионер,,,,,,,,,,,,
Wild Hunt,Wilde jacht,Henkijahti,Wilde Jagd,ワイルドハント,Dziki gon,Дикая Охота,,,,,,,,,,,,
Triumph,Triomf,Voitonjuhla,Siegeszug,凱旋,Triumf,Триумф,,,,,,,,,,,,
Annex,Overname,Pakkoliitos,Schlacht,併合,Aneksja,Захват,,,,,,,,,,,,
Donate,Donatie,Lahjoitus,Spende,寄付,Datek,Пожертвование,,,,,,,,,,,,
Advance,Promotie,Ylennys,Aufstieg,昇進,Awans,Продвижение,,,,,,,,,,,,
Delve,Delven,Kaivanto,Erforschen,掘進,Zejście,Шурф,,,,,,,,,,,,
Tax,Belasting,Verotus,Steuer,徴税,Podatek,Налог,,,,,,,,,,,,
Banquet,Banket,Juomingit,Bankett,宴会,Bankiet,Банкет,,,,,,,,,,,,
Ritual,Ritueel,Rituaali,Ritual,儀式,Rytuał,Ритуал,,,,,,,,,,,,
Salt the Earth,Zout der aarde,Myrkytetty maa,Versalztes Land,大地への塩まき,Solna klątwa,Соление Земель,,,,,,,,,,,,
Wedding,Bruiloft,Häät,Hochzeit,結婚式,Zaślubiny,Бракосочетание,,,,,,,,,,,,
Windfall,Meevaller,Onnenkantamoinen,Glücksfall,意外な授かり物,Gratka,Нежданная Удача,,,,,,,,,,,,
Conquest,Verovering,Valloitus,Eroberung,征服,Podbój,Завоевание,,,,,,,,,,,,
Dominate,Overheersing,Nöyryytys,Beherrschen,制圧,Dominacja,Господство,,,,,,,,,,,,
Aqueduct,Aquaduct,Akvedukti,Aquädukt,水道橋,Akwedukt,Акведук,,,,,,,,,,,,
Arena,Arena,Areena,Arena,闘技場,Arena,Арена,,,,,,,,,,,,
Bandit Fort,Bandietenfort,Rosvojen linnake,Räuberfestung,山賊の砦,Fort rozbójników,Укрепления Разбойников,,,,,,,,,,,,
Basilica,Basiliek,Basilika,Basilika,公会堂,Bazylika,Базилика,,,,,,,,,,,,
Baths,Baden,Kylpylä,Badehaus,浴場,Łaźnia,Купальни,,,,,,,,,,,,
Battlefield,Slagveld,Taistelutanner,Schlachtfeld,戦場,Pole bitwy,Поле Боя,,,,,,,,,,,,
Colonnade,Zuilengalerij,Pylväskäytävä,Kolonnaden,列柱,Kolumnada,Колоннада,,,,,,,,,,,,
Defiled Shrine,Geschonden altaar,Häväisty pyhättö,Entweihter Schrein,汚された神殿,Sprofanowane sanktuarium,Осквернённая Святыня,,,,,,,,,,,,
Fountain,Fontein,Toivomuslähde,Brunnen,噴水,Fontanna,Фонтан,,,,,,,,,,,,
Keep,Hoofdtoren,Linnake,Bollwerk,砦,Twierdza,Замковые Укрепления,,,,,,,,,,,,
Labyrinth,Labyrint,Labyrintti,Labyrinth,迷宮,Labirynt,Лабиринт,,,,,,,,,,,,
Mountain Pass,Bergpas,Vuoristoreitti,Gebirgspass,峠,Przełęcz,Горный Перевал,,,,,,,,,,,,
Museum,Museum,Museo,Museum,博物館,Muzeum,Музей,,,,,,,,,,,,
Obelisk,Obelisk,Obeliski,Obelisk,オベリスク,Obelisk,Обелиск,,,,,,,,,,,,
Orchard,Boomgaard,Viinitila,Obstgarten,果樹園,Sad,Фруктовый Сад,,,,,,,,,,,,
Palace,Paleis,Palatsi,Palast,宮殿,Pałac,Дворец,,,,,,,,,,,,
Tomb,Tombe,Hauta,Grabmal,墓標,Grobowiec,Гробница,,,,,,,,,,,,
Tower,Toren,Torni,Turm,塔,Wieża,Башня,,,,,,,,,,,,
Triumphal Arch,Triomfboog,Riemukaari,Triumphbogen,凱旋門,Łuk triumfalny,Триумфальная Арка,,,,,,,,,,,,
Wall,Muur,Muuri,Mauer,壁,Mur,Стена,,,,,,,,,,,,
Wolf Den,Wolvenhol,Sudenpesä,Wolfsbau,狼の巣,Wilcze leże,Волчье Логово,,,,,,,,,,,,
[edit]  Nocturne,,,,,,,,,,,,,,,,,,
English,Dutch,German,Japanese,Russian,,,,,,,,,,,,,,
Druid,Druïde,Druidin,巫女,Друид,,,,,,,,,,,,,,
Faithful Hound,Trouwe hond,Getreuer Hund,忠犬,Верный Пес,,,,,,,,,,,,,,
Guardian,Beschermer,Wächterin,守衛,Страж,,,,,,,,,,,,,,
Monastery,Klooster,Kloster,修道院,Монастырь,,,,,,,,,,,,,,
Pixie,Elfje,Fee,小妖精,Фея,,,,,,,,,,,,,,
Tracker,Spoorzoeker,Fährtensucher,追跡者,Лямочник,,,,,,,,,,,,,,
Changeling,Wisselkind,Wechselbalg,取り替え子,Подменыш,,,,,,,,,,,,,,
Fool,Dwaas,Narr,愚者,Глупец,,,,,,,,,,,,,,
Ghost Town,Spookstad,Geisterstadt,幽霊街,Город-Призрак,,,,,,,,,,,,,,
Leprechaun,Leprechaun,Kobold,家事の妖精,Лепрекон,,,,,,,,,,,,,,
Night Watchman,Nachtwaker,Nachtwache,夜警,Ночной Дозорный,,,,,,,,,,,,,,
Secret Cave,Geheime grot,Geheime Höhle,秘密の洞穴,Тайный Грот,,,,,,,,,,,,,,
Bard,Bard,Minnesängerin,歌人,Бард,,,,,,,,,,,,,,
Blessed Village,Gezegend dorp,Seliges Dorf,恵みの村,Благословенная Деревня,,,,,,,,,,,,,,
Cemetery,Kerkhof,Friedhof,墓場,Погост,,,,,,,,,,,,,,
Conclave,Conclaaf,Konklave,秘密会議,Конклав,,,,,,,,,,,,,,
Devil's Workshop,Atelier van de duivel,Teufelswerkstatt,悪魔の工房,Дьявольская Мастерская,,,,,,,,,,,,,,
Exorcist,Exorcist,Exorzistin,祈祷師,Экзорцист,,,,,,,,,,,,,,
Necromancer,Dodenbezweerder,Totenbeschwörer,魔術師,Некромант,,,,,,,,,,,,,,
Shepherd,Schaapsherder,Schäferin,羊飼い,Пастух,,,,,,,,,,,,,,
Skulk,Skulk,Attentäter,臆病者,Бездельник,,,,,,,,,,,,,,
Cobbler,Schoenmaker,Schuster,靴の妖精,Башмачник,,,,,,,,,,,,,,
Crypt,Crypte,Krypta,地下室,Склеп,,,,,,,,,,,,,,
Cursed Village,Vervloekt dorp,Verfluchtes Dorf,呪われた村,Проклятая Деревня,,,,,,,,,,,,,,
Den of Sin,Huis der zonden,Sündenpfuhl,隠れ家,Логово Греха,,,,,,,,,,,,,,
Idol,Idool,Götze,偶像,Идол,,,,,,,,,,,,,,
Pooka,Pooka,Puka,妖魔,Пука,,,,,,,,,,,,,,
Sacred Grove,Heilig kreupelbos,Heiliger Hain,聖なる土地,Священная Роща,,,,,,,,,,,,,,
Tormentor,Kwelgeest,Folterknecht,厄介者,Истязатель,,,,,,,,,,,,,,
Tragic Hero,Tragische held,Tragischer Held,悲劇の勇者,Трагический Герой,,,,,,,,,,,,,,
Vampire,Vampier,Vampirin,吸血鬼,Вампир,,,,,,,,,,,,,,
Werewolf,Weerwolf,Werwolf,人狼,Оборотень,,,,,,,,,,,,,,
Raider,Plunderaar,Plünderer,夜襲,Налетчик,,,,,,,,,,,,,,
Haunted Mirror,Spookspiegel,Zauberspiegel,呪いの鏡,Призрачное Зеркало,,,,,,,,,,,,,,
Magic Lamp,Magische lamp,Wunderlampe,魔法のランプ,Волшебная Лампа,,,,,,,,,,,,,,
Goat,Geit,Ziege,山羊,Козел,,,,,,,,,,,,,,
Pasture,Weide,Weideland,牧草地,Пастбище,,,,,,,,,,,,,,
Pouch,Buidel,Beutel,革袋,Мешочек,,,,,,,,,,,,,,
Cursed Gold,Vervloekt goud,Verfluchtes Gold,呪われた金貨,Проклятое Золото,,,,,,,,,,,,,,
Lucky Coin,Geluksmunt,Glückstaler,幸運の銅貨,Счастливая Монетка,,,,,,,,,,,,,,
Will-o'-Wisp,Dwaallicht,Irrlicht,鬼火,Блуждающий Огонёк,,,,,,,,,,,,,,
Wish,Wens,Wunsch,大願,Желание,,,,,,,,,,,,,,
Bat,Vleermuis,Fledermaus,蝙蝠,Нетопырь,,,,,,,,,,,,,,
Imp,Duiveltje,Teufelchen,小悪魔,Чертенок,,,,,,,,,,,,,,
Zombie Apprentice,Studerende zombie,Zombie-Lehrling,ゾンビの弟子,Зомби-Подмастерье,,,,,,,,,,,,,,
Zombie Mason,Metselende zombie,Zombie-Maurer,ゾンビの石工,Зомби-Каменотес,,,,,,,,,,,,,,
Zombie Spy,Spionerende zombie,Zombie-Spion,ゾンビの密偵,Зомби-Шпион,,,,,,,,,,,,,,
Ghost,Geest,Geist,幽霊,Призрак,,,,,,,,,,,,,,
The Earth's Gift,Gift van de aarde,Geschenk der Erde,大地の恵み,,,,,,,,,,,,,,,
The Field's Gift,Gift van de akker,Geschenk des Feldes,土地の恵み,,,,,,,,,,,,,,,
The Flame's Gift,Gift van het vuur,Geschenk des Feuers,火の恵み,,,,,,,,,,,,,,,
The Forest's Gift,Gift van het bos,Geschenk des Waldes,森の恵み,,,,,,,,,,,,,,,
The Moon's Gift,Gift van de maan,Geschenk des Mondes,月の恵み,,,,,,,,,,,,,,,
The Mountain's Gift,Gift van de bergen,Geschenk des Berges,山の恵み,,,,,,,,,,,,,,,
The River's Gift,Gift van de rivier,Geschenk des Flusses,川の恵み,,,,,,,,,,,,,,,
The Sea's Gift,Gift van de zee,Geschenk des Meeres,海の恵み,,,,,,,,,,,,,,,
The Sky's Gift,Gift van de hemel,Geschenk des Himmels,空の恵み,,,,,,,,,,,,,,,
The Sun's Gift,Gift van de zon,Geschenk der Sonne,太陽の恵み,,,,,,,,,,,,,,,
The Swamp's Gift,Gift van het moeras,Geschenk des Sumpfes,沼の恵み,,,,,,,,,,,,,,,
The Wind's Gift,Gift van de wind,Geschenk des Windes,風の恵み,,,,,,,,,,,,,,,
Bad Omens,Slechte voortekenen,Schlechtes Omen,悪兆,,,,,,,,,,,,,,,
Delusion,Illusie,Täuschung,妄想,,,,,,,,,,,,,,,
Envy,Jaloezie,Neid,羨望,,,,,,,,,,,,,,,
Famine,Hongersnood,Hungersnot,飢饉,,,,,,,,,,,,,,,
Fear,Angst,Furcht,恐怖,,,,,,,,,,,,,,,
Greed,Hebzucht,Gier,貪欲,,,,,,,,,,,,,,,
Haunting,Spoken,Spuk,憑依,,,,,,,,,,,,,,,
Locusts,Sprinkhanen,Heuschrecken,イナゴ,,,,,,,,,,,,,,,
Misery,Ellende,Elend,苦難,,,,,,,,,,,,,,,
Plague,Plaag,Seuche,伝染病,,,,,,,,,,,,,,,
Poverty,Armoede,Armut,貧困,,,,,,,,,,,,,,,
War,Oorlog,Krieg,戦争,,,,,,,,,,,,,,,
Deluded,Misleid,Getäuscht,混乱,,,,,,,,,,,,,,,
Envious,Jaloers,Neidisch,嫉妬,,,,,,,,,,,,,,,
Lost in the Woods,Verdwaald in het bos,Im Wald verirrt,森の迷子,Потерявшийся В Лесу,,,,,,,,,,,,,,
Miserable,Ellendig,Elendig,没落,,,,,,,,,,,,,,,
Twice Miserable,Dubbel ellendig,Doppelt Elendig,都落ち,,,,,,,,,,,,,,,
[edit]  Renaissance,,,,,,,,,,,,,,,,,,
English,Dutch,German,,,,,,,,,,,,,,,,
Border Guard,Grenswacht,Grenzposten,,,,,,,,,,,,,,,,
Ducat,Dukaat,Goldmünze,,,,,,,,,,,,,,,,
Lackeys,Kamerbedienden,Diener,,,,,,,,,,,,,,,,
Acting Troupe,Toneelgezelschap,Schauspieltruppe,,,,,,,,,,,,,,,,
Cargo Ship,Vrachtschip,Frachtschiff,,,,,,,,,,,,,,,,
Experiment,Experiment,Experiment,,,,,,,,,,,,,,,,
Improve,Verbetering,Fortschritt,,,,,,,,,,,,,,,,
Flag Bearer,Vaandeldrager,Fahnenträger,,,,,,,,,,,,,,,,
Hideout,Schuilplaats,Versteck,,,,,,,,,,,,,,,,
Inventor,Uitvinder,Erfinder,,,,,,,,,,,,,,,,
Mountain Village,Bergdorp,Bergdorf,,,,,,,,,,,,,,,,
Patron,Beschermheer,Patron,,,,,,,,,,,,,,,,
Priest,Priester,Priester,,,,,,,,,,,,,,,,
Research,Onderzoek,Forscherin,,,,,,,,,,,,,,,,
Silk Merchant,Zijdekoopman,Seidenhändlerin,,,,,,,,,,,,,,,,
Old Witch,Oude heks,Alte Hexe,,,,,,,,,,,,,,,,
Recruiter,Ronselaar,Anwerber,,,,,,,,,,,,,,,,
Scepter,Scepter,Zepter,,,,,,,,,,,,,,,,
Scholar,Geleerde,Gelehrte,,,,,,,,,,,,,,,,
Sculptor,Beeldhouwer,Bildhauerin,,,,,,,,,,,,,,,,
Seer,Ziener,Seher,,,,,,,,,,,,,,,,
Spices,Specerijen,Gewürze,,,,,,,,,,,,,,,,
Swashbuckler,Ijzervreter,Freibeuterin,,,,,,,,,,,,,,,,
Treasurer,Schatbewaarder,Schatzmeisterin,,,,,,,,,,,,,,,,
Villain,Slechterik,Schwarzer Meister,,,,,,,,,,,,,,,,
Flag,Vaandel,Fahne,,,,,,,,,,,,,,,,
Horn,Hoorn,Horn,,,,,,,,,,,,,,,,
Key,Sleutel,Schlüssel,,,,,,,,,,,,,,,,
Lantern,Lantaarn,Laterne,,,,,,,,,,,,,,,,
Treasure Chest,Schatkist,Schatzkiste,,,,,,,,,,,,,,,,
Cathedral,Kathedraal,Kathedrale,,,,,,,,,,,,,,,,
City Gate,Stadspoort,Stadttor,,,,,,,,,,,,,,,,
Pageant,Spektakel,Festzug,,,,,,,,,,,,,,,,
Sewers,Riolen,Abwasserkanal,,,,,,,,,,,,,,,,
Star Chart,Sterrenkaart,Sternenkarte,,,,,,,,,,,,,,,,
Exploration,Ontdekkingsreis,Erkundung,,,,,,,,,,,,,,,,
Fair,Braderie,Kleiner Markt,,,,,,,,,,,,,,,,
Silos,Silo's,Speicher,,,,,,,,,,,,,,,,
Sinister Plot,Duistere samenzwering,Finsterer Plan,,,,,,,,,,,,,,,,
Academy,Academie,Akademie,,,,,,,,,,,,,,,,
Capitalism,Kapitalisme,Kapitalismus,,,,,,,,,,,,,,,,
Fleet,Vloot,Flotte,,,,,,,,,,,,,,,,
Guildhall,Gildehuis,Gildenhaus,,,,,,,,,,,,,,,,
Piazza,Plein,Piazza,,,,,,,,,,,,,,,,
Road Network,Wegennet,Strassennetz,,,,,,,,,,,,,,,,
Barracks,Kazerne,Kaserne,,,,,,,,,,,,,,,,
Crop Rotation,Wisselbouw,Fruchtwechsel,,,,,,,,,,,,,,,,
Innovation,Vernieuwing,Innovation,,,,,,,,,,,,,,,,
Canal,Kanaal,Kanal,,,,,,,,,,,,,,,,
Citadel,Burcht,Zitadelle,,,,,,,,,,,,,,,,
[edit]  Menagerie,,,,,,,,,,,,,,,,,,
English,Dutch,German,,,,,,,,,,,,,,,,
Black Cat,Zwarte kat,Schwarze Katze,,,,,,,,,,,,,,,,
Sleigh,Slede,Schlitten,,,,,,,,,,,,,,,,
Supplies,Voorraden,Nachschub,,,,,,,,,,,,,,,,
Camel Train,Kamelenkaravaan,Kamelzug,,,,,,,,,,,,,,,,
Goatherd,Geitenhoeder,Ziegenhirtin,,,,,,,,,,,,,,,,
Horse,Paard,Pferd,,,,,,,,,,,,,,,,
Scrap,Schroot,Schrott,,,,,,,,,,,,,,,,
Sheepdog,Herdershond,Hirtenhund,,,,,,,,,,,,,,,,
Snowy Village,Besneeuwd dorp,Verschneites Dorf,,,,,,,,,,,,,,,,
Stockpile,Reserve,Depot,,,,,,,,,,,,,,,,
Bounty Hunter,Premiejager,Kopfgeldjägerin,,,,,,,,,,,,,,,,
Cardinal,Kardinaal,Kardinal,,,,,,,,,,,,,,,,
Cavalry,Cavalerie,Kavallerie,,,,,,,,,,,,,,,,
Groom,Rijknecht,Stallbursche,,,,,,,,,,,,,,,,
Hostelry,Pension,Herberge,,,,,,,,,,,,,,,,
Village Green,Dorpsweide,Dorfanger,,,,,,,,,,,,,,,,
Fisherman,Visser,Fischer,,,,,,,,,,,,,,,,
Hunting Lodge,Jachthuis,Jagdhütte,,,,,,,,,,,,,,,,
Barge,Aak,Lastkahn,,,,,,,,,,,,,,,,
Coven,Heksenkring,Hexenzirkel,,,,,,,,,,,,,,,,
Displace,Verplaatsing,Vertreibung,,,,,,,,,,,,,,,,
Falconer,Valkenier,Falknerin,,,,,,,,,,,,,,,,
Gatekeeper,Poortwachter,Wache,,,,,,,,,,,,,,,,
Kiln,Oven,Brennofen,,,,,,,,,,,,,,,,
Livery,Stalhouderij,Pferdestall,,,,,,,,,,,,,,,,
Mastermind,Meesterbrein,Drahtzieher,,,,,,,,,,,,,,,,
Paddock,Omheind veld,Koppel,,,,,,,,,,,,,,,,
Sanctuary,Gewijde plek,Zufluchtsort,,,,,,,,,,,,,,,,
Destrier,Krijgsros,Schlachtross,,,,,,,,,,,,,,,,
Wayfarer,Voetreiziger,Wanderin,,,,,,,,,,,,,,,,
Animal Fair,Dierenmarkt,Viehmarkt,,,,,,,,,,,,,,,,
Delay,Vertraging,Verzögerung,,,,,,,,,,,,,,,,
Desperation,Wanhoop,Verzweiflung,,,,,,,,,,,,,,,,
Gamble,Gokken,Wagnis,,,,,,,,,,,,,,,,
Pursue,Nastreven,Verfolgung,,,,,,,,,,,,,,,,
Ride,Rit,Ausritt,,,,,,,,,,,,,,,,
Toil,Gezwoeg,Plackerei,,,,,,,,,,,,,,,,
Enhance,Verhoging,Verbesserung,,,,,,,,,,,,,,,,
March,Mars,Fussmarsch,,,,,,,,,,,,,,,,
Transport,Transport,Transport,,,,,,,,,,,,,,,,
Banish,Verbannen,Verbannung,,,,,,,,,,,,,,,,
Bargain,Koopje,Gutes Geschäft,,,,,,,,,,,,,,,,
Invest,Investeren,Investition,,,,,,,,,,,,,,,,
Seize the Day,Pluk de Dag,Nutze den Tag,,,,,,,,,,,,,,,,
Commerce,Commercie,Kommerz,,,,,,,,,,,,,,,,
Demand,Vraag,Forderung,,,,,,,,,,,,,,,,
Stampede,Stormloop,Stampede,,,,,,,,,,,,,,,,
Reap,Maaien,Reiche Ernte,,,,,,,,,,,,,,,,
Enclave,Enclave,Enklave,,,,,,,,,,,,,,,,
Alliance,Bondgenootschap,Bündnis,,,,,,,,,,,,,,,,
Populate,Bevolken,Besiedlung,,,,,,,,,,,,,,,,
Way of the Butterfly,Spoor van de Vlinder,Weg des Schmetterlings,,,,,,,,,,,,,,,,
Way of the Camel,Spoor van de Kameel,Weg des Kamels,,,,,,,,,,,,,,,,
Way of the Chameleon,Spoor van de Kameleon,Weg des Chamäleons,,,,,,,,,,,,,,,,
Way of the Frog,Spoor van de Kikker,Weg des Frosches,,,,,,,,,,,,,,,,
Way of the Goat,Spoor van de Geit,Weg der Ziege,,,,,,,,,,,,,,,,
Way of the Horse,Spoor van het Paard,Weg des Pferdes,,,,,,,,,,,,,,,,
Way of the Mole,Spoor van de Mol,Weg des Maulwurfs,,,,,,,,,,,,,,,,
Way of the Monkey,Spoor van de Aap,Weg des Affen,,,,,,,,,,,,,,,,
Way of the Mouse,Spoor van de Muis,Weg der Maus,,,,,,,,,,,,,,,,
Way of the Mule,Spoor van de Ezel,Weg des Maultiers,,,,,,,,,,,,,,,,
Way of the Otter,Spoor van de Otter,Weg des Otters,,,,,,,,,,,,,,,,
Way of the Ox,Spoor van de Os,Weg des Ochsen,,,,,,,,,,,,,,,,
Way of the Owl,Spoor van de Uil,Weg der Eule,,,,,,,,,,,,,,,,
Way of the Pig,Spoor van het Varken,Weg des Schweins,,,,,,,,,,,,,,,,
Way of the Rat,Spoor van de Rat,Weg der Ratte,,,,,,,,,,,,,,,,
Way of the Seal,Spoor van de Zeehond,Weg der Robbe,,,,,,,,,,,,,,,,
Way of the Sheep,Spoor van het Schaap,Weg des Schafes,,,,,,,,,,,,,,,,
Way of the Squirrel,Spoor van de Eekhoorn,Weg des Eichhörnchens,,,,,,,,,,,,,,,,
Way of the Turtle,Spoor van de Schildpad,Weg der Schildkröte,,,,,,,,,,,,,,,,
Way of the Worm,Spoor van de Worm,Weg des Wurms,,,,,,,,,,,,,,,,
[edit]  Promo,,,,,,,,,,,,,,,,,,
English,Chinese,Czech,Dutch,Finnish,French,German,Italian,Japanese,Korean,Norwegian,Polish,Russian,Spanish,,,,,
Black Market,黑市,Černý trh,Zwarte Markt,Musta pörssi,Marché noir,Schwarzmarkt,Mercato Nero,闇市場,암시장,,Czarny rynek,Чёрный Рынок,Mercado Negro,,,,,
Church,,,,,,Schweriner Dom,,,,,,,,,,,,
Envoy,使節,Posel,Gezant,Lähettiläs,Délégué,Gesandter,Inviato,公使,사절,,Poseł,Посыльный,Enviado,,,,,
Dismantle,,,Ontmantelen,Purkutyö,Démantèlement,Abbruch,,解体,,,,Разъединение,,,,,,
Sauna,,,,Sauna,Sauna,Sauna,,サウナ,,,Sauna,Сауна,,,,,,
Avanto,,,,Avanto,Trou dans la glace,Eisloch,,アヴァント,,,Przerębel,Прорубь,,,,,,
Walled Village,,Hrazená vesnice,,Linnoitettu kylä,Ville fortifiée,CarcassonneBefestigtes Dorf,,囲郭村,,Befestet landsby,Kasztel,Укреплённая Деревня,Pueblo Amurallado,,,,,
Governor,,,Gouverneur,Kuvernööri,Gouverneur,Gouverneur,,総督,,Guvernør,Gubernator,Губернатор,Gobernador,,,,,
Stash,,Tajná skrýš,Geldbuidel,Kätkö,Cachette,Geldversteck,Gruzzolo,へそくり,비자금,Skjult,Zaskórniak,Тайник,Alijo,,,,,
Captain,,,,,,Kapitän Tobias,,,,,,,,,,,,
Prince,,,Prins,Prinssi,Prince,Prinz,,王子,,,Książę,Принц,Príncipe,,,,,
Summon,,,,,Convocation,Einladung,,召喚,,,,Зов,,,,,,